gene,mean,std,signature,role
ABCA1,1.854214195769006,1.4378112853110692,M,consensus_panel
ABLIM1,3.851603533866783,1.7730540437391038,E,consensus_panel
ACKR3,2.145895296763705,2.2462155326345363,M,consensus_panel
ACTA2,3.15991166022924,2.538860101361673,M,consensus_panel
ACTN1,6.448504020893045,1.7962562287890176,M,consensus_panel
ADAM12,1.5605582516860321,1.8894280966749393,M,consensus_panel
ADAM19,2.2111509664663918,1.7068859485320285,M,consensus_panel
ADAMTS6,1.2649599435655496,1.2894550350281038,M,consensus_panel
ADORA2B,3.3630637295466745,1.7226940261645909,E,consensus_panel
AGR2,3.319514253163701,3.223851189691288,E,consensus_panel
AKT3,3.4538977227832164,2.0354874879533886,M,consensus_panel
ALDH1A3,3.6933143220358637,2.931466657331518,E,consensus_panel
ALDH3A2,5.4469111410216,1.4156026562951536,E,consensus_panel
ALDH5A1,2.921931566236703,1.4452383121987096,E,consensus_panel
ALOX5AP,1.5724378595821784,2.0089298352865157,M,consensus_panel
AMD1,6.0616177539848755,0.7269516518737235,E,consensus_panel
AMIGO2,3.601661523327545,2.4205469651827913,M,consensus_panel
ANGPTL4,1.7113687941677573,1.7226130870611336,M,consensus_panel
ANK3,2.451151149578199,1.6703675363087485,E,consensus_panel
ANKLE2,5.355032051541594,0.6880014030955306,M,consensus_panel
ANKRD1,2.6372007155922934,2.661178538299637,M,consensus_panel
ANLN,5.842263005270506,1.3616952869999885,M,consensus_panel
ANXA8L1,1.7815558702951049,2.2370408011335425,E,consensus_panel
AP1S2,4.845285297223516,1.5438740420179102,M,consensus_panel
APBB2,3.8083400629924196,1.3406644956625118,M,consensus_panel
AQP3,2.699352168779412,2.424642790972614,E,consensus_panel
AREG,2.9701471813247,2.7747452689211225,E,consensus_panel
ARFGAP1,5.707640700988947,0.8294194933199601,M,consensus_panel
ARHGAP29,3.388649285453837,2.107847652263401,E,consensus_panel
ARHGEF40,3.155853236378868,1.4805317545844108,M,consensus_panel
ATF3,3.8528317246589054,1.4887340127432518,E,consensus_panel
ATP8B1,2.6756674028722904,1.8647845853729992,E,consensus_panel
BCL6,3.3820042767933645,1.4925522327354852,E,consensus_panel
BHLHE40,4.722706445085665,1.6927909069139573,M,consensus_panel
BIRC3,2.938161402827586,2.1789089511612767,E,consensus_panel
BMAL1,2.8790932390099244,0.9621548939663798,M,consensus_panel
BMP1,3.795171022338569,1.4532227865306206,M,consensus_panel
BMP2,1.421193579363693,1.3651046873628405,M,consensus_panel
BMPR2,3.584830495198371,0.960726734647587,M,consensus_panel
BPGM,4.322429122571262,0.9355799904617675,M,consensus_panel
BRCA1,4.195381285072717,1.0086757861648845,M,consensus_panel
C1ORF115,1.877855378438125,1.4340666462003402,E,consensus_panel
C1ORF116,1.6206032654311704,1.973589821971191,E,consensus_panel
C3ORF52,2.7268528644133254,1.3462587743474193,M,consensus_panel
CA2,2.410918215556194,2.2772461991419397,E,consensus_panel
CALD1,5.033034013163218,2.851738830011206,M,consensus_panel
CALU,7.645025363932518,1.4922657148371243,M,consensus_panel
CAVIN2,1.5097326373927413,1.7516642439263181,E,consensus_panel
CCN2,4.381444872914458,3.018189506852075,M,consensus_panel
CD59,7.953865893356603,1.7368441195982214,M,consensus_panel
CD9,6.648373210620812,2.6125730149970985,E,consensus_panel
CDH1,3.288960676468151,3.009444274797887,E,consensus_panel
CDH11,2.0109674445668624,2.3882749245045227,M,consensus_panel
CDH2,3.3361078432222224,2.537978614929666,M,consensus_panel
CDK14,2.672958999109813,1.5750250244183683,M,consensus_panel
CEACAM6,1.8428520142896652,2.441582441849745,E,consensus_panel
CEBPD,3.2097590170167063,1.6659966675242717,E,consensus_panel
CENPA,4.659214541832461,0.9396705595657777,M,consensus_panel
CFB,2.5022415758227035,2.1714289362882275,E,consensus_panel
CHRNA9,0.6041271562172497,0.9798300338616642,M,consensus_panel
CHST11,2.8427056734827585,1.6105076860109395,M,consensus_panel
CITED2,5.0521971153263525,1.6192052455667991,E,consensus_panel
CLDN3,2.0830561393253966,2.140347116323924,E,consensus_panel
CLDN4,3.7216212212368425,3.3639237955673296,E,consensus_panel
CLDN7,3.3814084802006077,3.078892524278782,E,consensus_panel
COL1A1,3.9527390639929862,3.503716640255332,M,consensus_panel
COL3A1,2.3763325699852187,3.1998829193274143,M,consensus_panel
COL4A1,3.395803711805012,2.8069685842834704,M,consensus_panel
COL4A2,3.982420593260274,2.7737484197877618,M,consensus_panel
COL5A1,2.6607046920495767,2.6445968708369096,M,consensus_panel
COL5A2,2.6860431585212337,2.8019638190637544,M,consensus_panel
COL6A2,3.506864353813113,2.9552571244645165,M,consensus_panel
COL6A3,2.347681128403477,3.2249331706046287,M,consensus_panel
COL7A1,3.015048398777066,2.1024841515798847,M,consensus_panel
CP,1.341796382489051,1.8319143947584242,E,consensus_panel
CRLF1,2.7990420966841185,1.3084417616990214,M,consensus_panel
CSF1,2.754688589208406,1.9434186139610838,M,consensus_panel
CXADR,2.930800443017783,1.8500938774953224,E,consensus_panel
CXCL6,1.251867972656977,1.6731543532773054,M,consensus_panel
CYB5A,5.444077813172251,1.5645507213937828,E,consensus_panel
CYTH1,4.413014130366492,0.9969851104809054,M,consensus_panel
DAAM1,3.674819666864456,1.1330888831636705,M,consensus_panel
DAB2,2.9294307907257386,2.2128398656679273,M,consensus_panel
DACT1,1.497533190670909,1.5561893350200204,M,consensus_panel
DCK,5.014573322862129,0.9700055089269293,M,consensus_panel
DCN,2.070297393308716,2.833219026843298,M,consensus_panel
DDR2,2.0777507869563445,2.288912826825723,M,consensus_panel
DEFB1,2.048937028489109,1.8269924999095133,E,consensus_panel
DEPTOR,1.8190256777716947,1.5398458186954034,E,consensus_panel
DHRS2,2.161118300950176,2.011784445001835,M,consensus_panel
DIXDC1,2.1641981227038976,1.221606404589439,M,consensus_panel
DLC1,2.6369586613290985,1.9696428835688833,M,consensus_panel
DOCK4,1.8555326146117577,1.2448008793563565,M,consensus_panel
DSC2,2.0945188386335927,1.8297856615455081,E,consensus_panel
DSE,3.30041101478185,1.5463531111599955,M,consensus_panel
DSP,3.3255146404831524,2.519519880032412,E,consensus_panel
DST,5.1000547537184575,1.5931412677872139,E,consensus_panel
DUSP10,3.2284312559522146,1.5413477983365604,M,consensus_panel
EDN2,1.0413525648626578,1.2422365607916799,E,consensus_panel
EFEMP2,3.0724939399493003,2.2850488106944016,M,consensus_panel
EGR1,4.234681486270506,2.0422272717049017,E,consensus_panel
EHF,2.4347215867124516,2.5583438515214443,E,consensus_panel
ELF3,3.5213185039057837,3.240997736509301,E,consensus_panel
ELK3,3.979972986963351,1.4267034206545046,M,consensus_panel
EML1,2.490236679521583,1.7731092537211954,M,consensus_panel
EMP1,5.184492261255257,3.1051540728266422,E,consensus_panel
EMP3,6.020657026003491,2.6347773279497666,M,consensus_panel
ENC1,4.160216382426153,1.8396848885823385,M,consensus_panel
EPAS1,4.251431582718054,2.199943931770393,E,consensus_panel
EPB41L4B,2.214178255106358,1.498489885644798,E,consensus_panel
EPCAM,4.344889244347317,3.530414679520658,E,consensus_panel
EPHB2,2.6037540214011945,1.705669031217095,M,consensus_panel
ERBB3,3.0586806541827767,2.480906880007751,E,consensus_panel
EREG,2.0555764509893333,2.3389088093014125,E,consensus_panel
ERMP1,3.8475234572251304,1.2175236421327014,E,consensus_panel
ESRP1,2.9455242287632073,2.7098416053900154,E,consensus_panel
ESRP2,2.1356400452191044,2.161508846129448,E,consensus_panel
ETS2,4.320471702898078,1.581837887660968,M,consensus_panel
FA2H,1.3525411431042111,1.3185037272723943,E,consensus_panel
FAM114A1,3.958476062841044,1.911747023345946,M,consensus_panel
FBLN2,1.3856484493298524,1.9098848080986093,M,consensus_panel
FBN1,3.094514522543921,2.7051348005253244,M,consensus_panel
FERMT2,4.13974205068384,2.0273727112513398,M,consensus_panel
FGF2,2.4414582877965016,2.0723409040591743,M,consensus_panel
FGFBP1,2.2168254247306036,2.4110937170720077,E,consensus_panel
FHOD3,2.2150004361978737,1.6389369434145786,M,consensus_panel
FN1,6.402289192390925,3.907508866158529,M,consensus_panel
FOS,4.835057342832363,2.5272129325458628,E,consensus_panel
FOXA2,1.1744632698202615,1.3756088833592968,E,consensus_panel
FOXD1,2.949150153483988,1.8322685377093664,M,consensus_panel
FSTL3,3.997384095055265,1.7208585880351785,M,consensus_panel
FXYD3,3.329128022919919,3.2582762450685077,E,consensus_panel
GADD45B,4.580198928871361,1.610421700517543,M,consensus_panel
GAL,2.308906302685651,1.9646590041152758,M,consensus_panel
GALNT10,3.962601975573008,1.384252053340978,M,consensus_panel
GAS1,1.6630994928410352,1.926357000579292,M,consensus_panel
GASK1B,2.0957298644185074,1.8971303459423774,M,consensus_panel
GDF15,4.633343561073071,2.8921383599318786,E,consensus_panel
GFPT2,1.9388009778496693,1.877562565520553,M,consensus_panel
GLDC,2.219572599349762,2.024064912588869,E,consensus_panel
GLIPR1,3.318493441468877,2.2989892329318122,M,consensus_panel
GNB4,3.345070959745053,1.7985390198550197,M,consensus_panel
GNG11,2.67192428291677,2.285420947381719,M,consensus_panel
GPRC5C,3.019762630508267,2.138903035551123,E,consensus_panel
GRB10,3.4646413168328376,1.7397512870455956,M,consensus_panel
GRB7,2.3329060950594425,2.136821174950231,E,consensus_panel
GREM1,1.8138661202740074,2.7549958134822288,M,consensus_panel
GRHL1,1.7127596456223,1.3958587022831275,E,consensus_panel
GRHL2,1.715447821925018,1.8576631672240107,E,consensus_panel
GRTP1,2.2066318299653145,1.4895516040231396,E,consensus_panel
GSE1,4.512283312856312,1.130531992174321,E,consensus_panel
GULP1,3.7381028887953858,2.031876875105599,E,consensus_panel
HMOX1,3.8986734760920743,1.9644378985091544,M,consensus_panel
HOOK1,2.25910110689715,1.85681544272772,E,consensus_panel
HPGD,2.097367699637168,2.187446835441018,E,consensus_panel
HRH1,1.9852137159939025,1.398281824365745,M,consensus_panel
HS3ST1,0.8850580209094541,1.049269695123463,E,consensus_panel
HS3ST3A1,1.2366181705900707,1.2948257574732391,M,consensus_panel
HS3ST3B1,1.1500402222851782,1.20786046831825,M,consensus_panel
HSF2BP,1.0873816763378064,0.6396900025478921,M,consensus_panel
HTRA1,3.6715118586482505,2.685149374756922,M,consensus_panel
IGFBP4,5.143646896999411,2.7889542151283093,M,consensus_panel
IGFBP5,2.595283725449878,2.9475212667851483,M,consensus_panel
IGFBP7,4.464719312633877,3.29438023633923,M,consensus_panel
IKBIP,4.7532860601919715,1.3017513253275863,M,consensus_panel
IL11,1.6679689590590667,1.681475998951395,M,consensus_panel
IL1RN,1.2847560387808907,1.5718648880304875,E,consensus_panel
IMPA2,4.184521267068301,1.4449833369244762,E,consensus_panel
INHBA,2.060002819770603,2.2938404327975626,M,consensus_panel
INHBB,1.4106694383254363,1.8051057543113953,E,consensus_panel
INPP4B,2.4375347988308693,1.6310250227747776,M,consensus_panel
IRF6,2.1304615876006117,2.2643607429537336,E,consensus_panel
ITGA5,4.289653462473005,2.469199293907764,M,consensus_panel
ITGAV,5.130662947018087,1.630609231513239,M,consensus_panel
ITGB1,8.081608566114019,1.6041312065780333,M,consensus_panel
ITGB3,1.8765395831939322,2.0958216973675343,M,consensus_panel
JAG1,3.5869259632130386,1.9700192870004605,M,consensus_panel
JAG2,2.872478250847052,2.006044336412398,E,consensus_panel
JARID2,2.978783399889406,0.9857868639942592,M,consensus_panel
JUN,4.758199788490677,1.7623520986049395,M,consensus_panel
JUNB,5.171787593408958,1.420259309736304,M,consensus_panel
JUP,4.8133345222793,2.394450962703783,E,consensus_panel
KCNJ15,1.0500640910194383,1.3351802153029508,M,consensus_panel
KCNMA1,2.543792032217804,2.264963840658726,M,consensus_panel
KDELR3,4.274966606816326,2.1499898378444926,M,consensus_panel
KITLG,3.0296409768454597,1.8190793417163407,E,consensus_panel
KLF7,2.657346115357685,1.2507298752641967,M,consensus_panel
KRT14,1.4913217566779537,2.3479578973324644,E,consensus_panel
KRT15,2.420146513793986,2.21760866018239,E,consensus_panel
KRT19,5.126573904961171,3.9022989477397427,E,consensus_panel
LAMA5,5.036908777702153,2.1489712004813217,E,consensus_panel
LAMB1,5.889215523062828,2.5427912288334853,M,consensus_panel
LAMC2,2.9356064227920977,2.7757857834509645,M,consensus_panel
LARP6,3.854549331259439,1.7958739512896151,M,consensus_panel
LBH,3.2908144828651027,2.240846092707265,M,consensus_panel
LCN2,3.1426892088171967,3.258513522036581,E,consensus_panel
LLGL2,3.5375264916293054,2.099243123416215,E,consensus_panel
LMCD1,3.25563336947653,1.9563389090085614,M,consensus_panel
LOX,2.9506037447258437,2.882168524955748,M,consensus_panel
LOXL1,2.8890889823219306,2.3294995654974744,M,consensus_panel
LRP1,3.263033242453434,1.9108089104145696,M,consensus_panel
LSR,4.029939221316831,2.7275651019838714,E,consensus_panel
LUM,2.655976752903592,3.026978738453561,M,consensus_panel
LY6E,7.120398635398827,1.9315830073780516,E,consensus_panel
MAF,1.20418810045542,1.3935275138967889,M,consensus_panel
MAGED2,6.492745459505238,1.2539555910668323,M,consensus_panel
MANSC1,2.947977163754137,1.7612150262915351,E,consensus_panel
MAP1LC3B,6.143971274694591,0.9380217412285988,M,consensus_panel
MAP7,2.229616091090101,1.820824263519378,E,consensus_panel
MARVELD2,1.74517381152809,1.5598427439840787,E,consensus_panel
MATN2,3.127044803043684,2.1177222635135897,M,consensus_panel
MATN3,1.5390115789383179,1.3458113727434293,M,consensus_panel
MBOAT2,4.293348030905152,1.431874959288497,M,consensus_panel
MBP,3.2373727447030336,1.981017355305033,E,consensus_panel
MCM3,6.158313685398488,1.0021328555971212,M,consensus_panel
MCM7,7.10613708371146,0.9712171858001981,M,consensus_panel
MFAP2,2.895493996615,2.312820115696316,M,consensus_panel
MICAL2,4.124944167843125,2.1570742415844366,M,consensus_panel
MITF,2.2215682846431535,1.7439186368902466,E,consensus_panel
MKI67,4.842350725582316,1.2380612150815005,M,consensus_panel
MMP1,2.3101133062317842,2.7275350738909228,M,consensus_panel
MMP10,0.9069919559390602,1.3709961662786867,M,consensus_panel
MMP14,4.981884124017471,2.9196620436918015,M,consensus_panel
MMP2,3.597281468007371,3.284043001357158,M,consensus_panel
MMP7,1.8179258211616303,2.329416700943875,E,consensus_panel
MMP9,0.524481350915901,0.841405007261296,M,consensus_panel
MN1,1.0374779827322371,1.222549178310317,M,consensus_panel
MPZL2,2.524080301917361,2.47601854402227,E,consensus_panel
MRC2,3.2483304884079103,2.4035791849647867,M,consensus_panel
MTUS1,2.8787632120218287,1.7677004938805003,E,consensus_panel
MUC1,3.243329011164822,2.2285909991967543,E,consensus_panel
MYL9,3.649204529747997,3.0027804387097987,M,consensus_panel
MYO10,3.5767684596601885,1.8079722103125233,M,consensus_panel
MYO5B,2.453213666899589,1.9299597895589373,E,consensus_panel
MYO5C,1.8073290495275174,1.5519225591715924,E,consensus_panel
NCF2,1.5209782413375452,1.6462226670073574,M,consensus_panel
NEDD9,2.74422959911357,1.7209830478336376,M,consensus_panel
NFKBIA,5.671696982547992,1.1139948248565446,E,consensus_panel
NKX3-1,1.5282577062950722,1.124673286168161,M,consensus_panel
NR2F1,2.4231609201125077,1.9737263296271634,M,consensus_panel
NR2F2,4.2721185379645,1.8644072748696814,E,consensus_panel
NREP,4.549356634071763,2.364569255405881,M,consensus_panel
NRIP3,1.8184244349626224,1.4656276930458265,M,consensus_panel
NT5E,4.095201164801201,2.705824915258504,M,consensus_panel
NUAK1,2.4117412754168166,1.533680856843474,M,consensus_panel
NUP210,3.663283218968236,2.0106533395085666,E,consensus_panel
ODC1,6.8106555076207105,1.181253627302137,M,consensus_panel
OVOL1,1.110889140252654,1.308347009755437,E,consensus_panel
P3H1,4.820103025520651,1.3024333987070005,M,consensus_panel
PALLD,4.475931264622817,2.0035423972465103,M,consensus_panel
PC,2.7168557260838186,1.0772223839496722,E,consensus_panel
PCDH9,1.0332748823124238,1.2772838292400903,E,consensus_panel
PCOLCE,3.907188800745052,2.2398377047881937,M,consensus_panel
PDGFA,2.8305670041084268,1.6658959570806549,M,consensus_panel
PDGFC,3.4046613476598435,2.0547828546952362,M,consensus_panel
PDGFRA,1.2977330952225017,1.9744476744884627,M,consensus_panel
PDGFRB,1.586978084468278,1.976025966206685,M,consensus_panel
PDK4,1.2854581644773475,1.464430132119051,E,consensus_panel
PDLIM7,5.621577850145433,1.33545531509802,M,consensus_panel
PEA15,6.687072655730075,1.2592550633298867,M,consensus_panel
PEG10,4.917768318544222,2.660189723550927,E,consensus_panel
PID1,1.6283414975102173,1.4586397774332307,M,consensus_panel
PIK3CD,2.263746779449039,1.615755446038486,M,consensus_panel
PKP2,2.835222538949226,2.0083587120888575,E,consensus_panel
PLAAT3,4.006487493803571,2.1229450012833415,E,consensus_panel
PLAAT4,3.3388601092929595,2.2734125268037784,E,consensus_panel
PLAUR,4.665752758689796,2.0174473551445335,M,consensus_panel
PLEK2,2.7473655959681733,2.0881150870927776,M,consensus_panel
PLK4,4.332410104176847,1.0461386238484116,M,consensus_panel
PLS1,3.3928899323775448,1.682475406879108,E,consensus_panel
PMEPA1,3.6717821719940793,2.247979646514607,M,consensus_panel
PMP22,3.720599051765728,2.51000885558264,M,consensus_panel
PODXL,3.3562407574776034,1.9669035020618506,M,consensus_panel
POSTN,1.6545519262128099,2.5392857704741996,M,consensus_panel
PPFIBP2,2.5403830252845387,1.58284322833619,E,consensus_panel
PPIC,4.7227989484590065,2.0615558492061616,M,consensus_panel
PPL,2.2144547535810415,2.0374153406614415,E,consensus_panel
PPP1R9A,1.3576342991966706,1.1160376344587783,E,consensus_panel
PRR5L,2.2861314850118135,1.7114262562772313,M,consensus_panel
PRRX1,1.7010498699495629,2.2282395286988153,M,consensus_panel
PRSS8,2.388589004115085,2.628216984849677,E,consensus_panel
PSMD2,7.994443377428737,1.0062887107432867,M,consensus_panel
PSME1,7.470773537230947,0.8594715063631859,E,consensus_panel
PTHLH,2.053321955765387,2.071015924122652,M,consensus_panel
PTPN21,2.3636076494365783,1.2496746851838094,M,consensus_panel
PTPRK,4.144966761207738,1.705090459361113,M,consensus_panel
PVR,4.674967063505338,1.6103529968432,M,consensus_panel
PXDC1,3.6104355145364395,1.9396503809509884,M,consensus_panel
RAB25,2.8043977491946843,2.9724231706369406,E,consensus_panel
RAB26,1.6749831120594116,1.2328245533745374,E,consensus_panel
RAB38,2.3295422424063816,2.0655520387993698,E,consensus_panel
RALA,5.3038222189645134,0.6771574607393466,M,consensus_panel
RBM47,2.6505237397061947,1.992037255833203,E,consensus_panel
RFTN1,2.819474434487361,2.0255569030705862,M,consensus_panel
RGS4,1.9646813930727274,2.4785973660815537,M,consensus_panel
RUNX2,2.269741648632785,1.6435056356479179,M,consensus_panel
S100A8,1.827664592178539,2.1719428844500426,E,consensus_panel
S100P,3.3131732815749175,3.2561194551616888,E,consensus_panel
SACS,3.0327013660610818,1.1599442391345578,M,consensus_panel
SAT1,7.270340438627109,1.7541004158361202,E,consensus_panel
SCG2,2.0576363948024836,2.4540020319204086,M,consensus_panel
SCG5,2.189239182435398,2.230835784291535,M,consensus_panel
SCNN1A,2.8031862702250003,2.6405751225755005,E,consensus_panel
SDC1,4.7597887155633805,2.203432552283873,M,consensus_panel
SELENOP,2.5704812776200954,2.3341194018587212,E,consensus_panel
SEMA3C,4.218145264768072,2.3359416974591896,M,consensus_panel
SERPINB1,4.452527374391638,2.0851225556356145,E,consensus_panel
SERPINE1,3.9452206720347056,3.4350607190857594,M,consensus_panel
SERPINE2,5.0407286824147635,2.9582542950694184,M,consensus_panel
SERPINH1,6.611921906011674,2.1158730896850035,M,consensus_panel
SIK1,1.930604112315511,1.3395766631880173,M,consensus_panel
SKIL,3.959376895189064,1.0263886428391695,M,consensus_panel
SLC16A7,1.7347579910671869,1.255114848680242,E,consensus_panel
SLC22A4,1.3443449964505951,1.0828891668186857,M,consensus_panel
SLC26A2,3.327788526891216,1.286643498049264,M,consensus_panel
SLC27A2,1.9220587718331248,1.6863525404495054,E,consensus_panel
SLCO2A1,0.8784906666996564,1.1458039094820782,M,consensus_panel
SLCO4A1,3.4546420260943393,1.7899962289572355,E,consensus_panel
SLN,0.6385217117149938,0.9472483680443289,M,consensus_panel
SLPI,3.8166513781028644,3.3482941014389667,E,consensus_panel
SMAD7,3.284055713883653,1.292508002998895,M,consensus_panel
SMPDL3B,1.6735808121891238,1.5472539291708327,E,consensus_panel
SMURF2,4.183043806242002,1.2474659891077784,M,consensus_panel
SNAI1,1.857874670793003,1.2902652319144985,M,consensus_panel
SNAI2,3.0680894204236244,2.3135649831253575,M,consensus_panel
SORD,4.91097961089057,1.1234653051378312,E,consensus_panel
SOX2,1.4846011069959815,1.930571164106083,E,consensus_panel
SPARC,5.926080586630551,4.190541001610627,M,consensus_panel
SPDL1,5.217742360075626,1.005414511620525,M,consensus_panel
SPHK1,3.2129239083325567,1.7875109737485102,M,consensus_panel
SPOCK1,3.028963071903607,2.769115846124303,M,consensus_panel
SPRY1,2.834326013946073,1.711088764893459,E,consensus_panel
SQOR,3.8959918604481354,2.032132004824388,E,consensus_panel
SRPX,2.8454382822732844,2.4772579970542226,M,consensus_panel
SRRD,4.225247919022688,0.749480886994358,M,consensus_panel
ST14,2.8440726918229697,2.7669294027658653,E,consensus_panel
STC1,2.1417322304845867,2.129372187572437,M,consensus_panel
STOM,4.6597643305831875,2.0761964469380563,E,consensus_panel
SULT1A1,2.540837244314336,1.822172444325925,E,consensus_panel
SYBU,2.093740319112166,1.587769010683036,E,consensus_panel
SYNE2,3.7204937861148015,1.3911921101144713,E,consensus_panel
TAGLN,3.6459416679639323,2.70799929746533,M,consensus_panel
TAGLN2,8.63711592329843,1.4435198654942962,M,consensus_panel
TBC1D8,3.2864349791099476,1.2998186601608708,E,consensus_panel
TBX3,2.5144492264814584,1.890444807847037,M,consensus_panel
TCF4,2.902101835448992,2.1374025260397067,M,consensus_panel
TFAP2A,3.1158793560217264,1.9073274450888589,E,consensus_panel
TFPI2,3.771601293436745,3.059671304928481,M,consensus_panel
TGFB1,4.251528297447353,1.5957657954646576,M,consensus_panel
TGFB1I1,3.3176409849166673,2.220544011294336,M,consensus_panel
TGFBI,5.790785175081374,3.7032316804201426,M,consensus_panel
TGFBR2,4.221692737823598,1.9775075130197182,M,consensus_panel
TGM2,3.601729659667656,2.919295605968355,M,consensus_panel
THBS1,4.863708710162846,3.2730332878059856,M,consensus_panel
TIMP1,6.918094738789226,2.6185241070497804,M,consensus_panel
TIMP2,5.9430657966766605,2.3658072769296923,M,consensus_panel
TIMP3,3.521032937691978,2.9573435099780707,M,consensus_panel
TJP2,4.401985101954625,1.478241660420228,E,consensus_panel
TJP3,1.6646474705326506,1.6326582846996027,E,consensus_panel
TKT,7.852101652239674,0.8457558242166988,E,consensus_panel
TMCC1,3.181533233327516,0.6658821149509112,M,consensus_panel
TMEM30B,2.0175187482885537,2.0818444126430546,E,consensus_panel
TNC,3.373204502521739,2.8072563228167193,M,consensus_panel
TNFAIP2,4.247879864582844,2.567011696973363,E,consensus_panel
TNFAIP6,1.5272922244167357,1.6656306626981185,M,consensus_panel
TNFRSF12A,6.316513092955206,2.5572259781321356,M,consensus_panel
TNS1,1.7518603964234178,1.690171724795312,M,consensus_panel
TP53I3,3.979687413906286,1.4435702508698918,M,consensus_panel
TPD52L1,3.847429233779152,2.4765613107260975,E,consensus_panel
TPM1,6.810259010284051,2.426909048181961,M,consensus_panel
TPM4,8.050434997324025,1.2927323007605827,M,consensus_panel
TPST1,3.662447518676385,1.4657776013026784,M,consensus_panel
TPST2,3.5881103116579407,1.0749729885966623,M,consensus_panel
TSPAN1,3.0563340859491217,2.6492933159573995,E,consensus_panel
TUBA1A,6.682968755514834,2.5734729801934355,M,consensus_panel
TUBA4A,5.4082048048013975,2.3198632471814165,M,consensus_panel
TUBB3,5.236276442796393,2.137829442473631,M,consensus_panel
TUFT1,3.6371090279308724,1.5753680097860714,M,consensus_panel
VAV3,1.9439683629087035,1.820788547257632,E,consensus_panel
VCAN,2.814553723927841,2.8036428298021185,M,consensus_panel
VEGFC,2.3743465319528725,2.0453628366210084,M,consensus_panel
VGLL3,1.6897644740598237,1.8187262925431766,M,consensus_panel
VIM,7.593873358477525,3.772576231297613,M,consensus_panel
WNT5A,2.3273810173215157,2.22237788394826,M,consensus_panel
WNT5B,2.1129873386364713,1.9360523578722109,M,consensus_panel
XYLT1,1.5183517007105898,1.5326917033252965,M,consensus_panel
ZEB1,2.6459498426535983,1.7181056274006536,M,consensus_panel
ZNF365,1.126361482265595,1.0486722900165666,M,consensus_panel
